xi,x_m,y_m,phi_rad
0.0,0.0,0.0,-0.2632900426617675
0.001669449081803005,0.0004994754037100155,3.7288211954288474e-06,-0.2522518652981789
0.00333889816360601,0.0009999356770426984,6.599739924114742e-06,-0.24129241190045547
0.005008347245409015,0.0015013708601778232,8.678733084243512e-06,-0.2304116629488384
0.00667779632721202,0.0020037690685753102,1.0035821964179729e-05,-0.21960959161048335
0.008347245409015025,0.0025071165040827193,1.0744904052994546e-05,-0.2088861636191411
0.01001669449081803,0.0030113974725045622,1.0883570385382298e-05,-0.19824133718034498
0.011686143572621035,0.003516594407520442,1.0532909473563442e-05,-0.18767506290153715
0.01335559265442404,0.0040226879008060015,9.7772989501767e-06,-0.17718728374643508
0.015025041736227046,0.004529656738179084,8.704186106631216e-06,-0.16677793501282454
0.01669449081803005,0.005037477941563566,7.403858560600173e-06,-0.15644694433286016
0.018363939899833055,0.005546126816535337,5.969206324073216e-06,-0.1461942316948631
0.02003338898163606,0.006055577005188918,4.495476569617992e-06,-0.13601970948552303
0.021702838063439065,0.006565800544039578,3.0800224073562174e-06,-0.12592328255134877
0.02337228714524207,0.007076767926654331,1.8220469888501526e-06,-0.11590484827815375
0.025041736227045076,0.007588448170686449,8.223442470344828e-07,-0.10596429668731891
0.02671118530884808,0.008100808888971703,1.8303756397823348e-07,-0.09610151054754901
0.028380634390651086,0.008613816364330873,7.317631252584618e-09,-0.08631636550081517
0.03005008347245409,0.009127435627711938,3.9918073167589117e-07,-0.07660873020116837
0.03171953255425709,0.009641630539296868,1.463168626998373e-06,-0.06697846646511424
0.0333889816360601,0.010156363872192148,3.304111184490754e-06,-0.05742542943224238
0.035058430717863104,0.010671597398318735,6.026872817297023e-06,-0.04794946773483777
0.03672787979966611,0.011187291976116301,9.736103749692612e-06,-0.038550423675214496
0.038397328881469114,0.011703407639678403,1.4535997050011888e-05,-0.029228133409565538
0.04006677796327212,0.012219903688938698,2.0530052301818436e-05,-0.01998242713714682
0.041736227045075125,0.012736738780534619,2.7820846708925935e-05,-0.010813129293685275
0.04340567612687813,0.01325387101898275,3.650981435285014e-05,-0.0017200587479330176
0.045075125208681135,0.013771258047810278,4.669703424321195e-05,0.007296970999635
0.04674457429048414,0.014288857140298228,5.848102772318781e-05,0.016238151616925267
0.048414023372287146,0.014806625289505607,7.195856571412553e-05,0.025103679740019424
0.05008347245409015,0.015324519297258062,8.722448620663344e-05,0.03389375677345896
0.05175292153589316,0.01584249586180053,0.00010437152233036602,0.042608588691776694
0.05342237061769616,0.016360511663830003,0.00012349014126195713,0.05124838584293839
0.05509181969949917,0.01687852345064269,0.0001446683941606996,0.05981336275430815
0.05676126878130217,0.017396488118147733,0.00016799177725480626,0.06830373794166622
0.05843071786310518,0.01791436279051931,0.00019354310413799235,0.07671973372174784
0.06010016694490818,0.018432104897277757,0.00022140238927697415,0.08506157602870573
0.06176961602671119,0.01894967224761054,0.0002516467426751999,0.09332949423482934
0.06343906510851419,0.01946702310176339,0.0002843502755873446,0.10152372097579698
0.0651085141903172,0.019984116239351805,0.0003195840171324149,0.10964449198067283
0.0667779632721202,0.020500911024462692,0.00035741584161112284,0.11769204590680948
0.06844741235392321,0.021017367467435596,0.00039791040629533637,0.12566662417976404
0.07011686143572621,0.021533446283231422,0.0004411290994237557,0.1335684708382765
0.07178631051752922,0.0220491089463158,0.00048712999810852675,0.14139783238433634
0.07345575959933222,0.022564317742001776,0.000535967835832267,0.14915495763829117
0.07512520868113523,0.02307903581421418,0.0005876939791932966,0.15684009759894446
0.07679465776293823,0.02359322720965462,0.0006423564135392034,0.1644535053085352
0.07846410684474124,0.02410685691836223,0.000699999737114436,0.17199543572247122
0.08013355592654424,0.024619890910680245,0.0007606651633366852,0.17946614558366303
0.08180300500834725,0.025132296170653164,0.0008243905308085703,0.18686589330127823
0.08347245409015025,0.02564404072589232,0.0008912103206660924,0.19419493883373173
0.08514190317195326,0.026155093673961013,0.0009611556808624035,0.201453543575691
0.08681135225375626,0.02666542520534102,0.0010342544569850423,0.20864197024889097
0.08848080133555927,0.027175006623054398,0.001110531229206573,0.21576048279652704
0.09015025041736227,0.027683810359023002,0.0011900073549716754,0.22280934628099747
0.09181969949916528,0.028191809987258294,0.0012727010170292422,0.22978882678476786
0.09348914858096828,0.02869898023398108,0.0013586272764240673,0.23669919131412864
0.0951585976627713,0.029205296984778615,0.001447798130070581,0.24354070770562097
0.09682804674457429,0.029710737288912378,0.0015402225725398653,0.2503136445349122
0.0984974958263773,0.03021527936089525,0.0016359066617003973,0.2570182710279201
0.1001669449081803,0.030718902579461402,0.0017348535878633766,0.2636548569739714
0.10183639398998331,0.03122158748405592,0.0018370637460943082,0.2702236726408269
0.10350584307178631,0.031723315768973706,0.0019425348113632714,0.2767249886913775
0.10517529215358933,0.03222407027528013,0.0020512618162184418,0.28315907610187596
0.10684474123539232,0.03272383498064627,0.0021632372306782705,0.289526206081532
0.10851419031719532,0.03322259498723315,0.002278451044050356,0.29582664999335906
0.11018363939899833,0.033720336507759116,0.002396890848396014,0.30206067927615476
0.11185308848080133,0.03421704684988386,0.0025185419233722563,0.30822856536750365
0.11352253756260434,0.034712714399041486,0.0026433873221937553,0.31433057962773847
0.11519198664440734,0.03520732859985365,0.002771407958469706,0.3203669932647766
0.11686143572621036,0.03570087993625124,0.0029025826936814013,0.32633807725977937
0.11853088480801335,0.03619335991043082,0.003036888425078238,0.33224410229360557
0.12020033388981637,0.03668476102076868,0.0031743001737803422,0.33808533867402624
0.12186978297161936,0.03717507673881241,0.00331479117288749,0.3438620562636898
0.12353923205342238,0.037664301485465776,0.0034583329554042437,0.3495745244088372
0.12520868113522537,0.03815243060647903,0.003604895441802243,0.35522301186878247
0.12687813021702837,0.038639460347352335,0.003754447027050042,0.360807786746175
0.1285475792988314,0.03912538782775553,0.003906954666952095,0.3663291164180802
0.1302170283806344,0.03961021101556305,0.004062383963647005,0.37178726746790813
0.1318864774624374,0.04009392870059784,0.0042206992501260835,0.3771825056182422
0.1335559265442404,0.04057654046817331,0.004381863673641584,0.3825150956646175
0.13522537562604342,0.04105804667251746,0.00454583927788398,0.3877853014103023
0.13689482470784642,0.041538448410158295,0.004712587083816157,0.39299338560214414
0.13856427378964942,0.04201774749334474,0.004882067169061945,0.39813960986753094
0.14023372287145242,0.04249594642357201,0.005054238745753665,0.4032242346525471
0.14190317195325544,0.04297304836527588,0.005229060236753611,0.4082475191613689
0.14357262103505844,0.04344905711975507,0.005406489350171156,0.413209721296975
0.14524207011686144,0.04392397709937626,0.005586483152105928,0.41811109760321263
0.14691151919866444,0.04439781330211161,0.005768998137555283,0.4229519032082989
0.14858096828046746,0.0448705712864539,0.005953990299431422,0.4277323917697997
0.15025041736227046,0.04534225714675032,0.006141415195642322,0.4324528154211238
0.15191986644407346,0.045812877488990905,0.006331228014195638,0.43711342471960557
0.15358931552587646,0.046282439407084625,0.006523383636294218,0.44171446859618635
0.15525876460767948,0.04675095045965059,0.0067178366973965975,0.44625619430675445
0.15692821368948248,0.047218418647349665,0.006914541646223705,0.4507388473851478
0.15859766277128548,0.047684852390776605,0.00711345280169868,0.4551626715978687
0.16026711185308848,0.048150260508930745,0.007314524407812957,0.4595279089005002
0.16193656093489148,0.04861465219827874,0.007517710686417318,0.4638347993958567
0.1636060100166945,0.04907803701242058,0.007722965887942673,0.46808358129385297
0.1652754590984975,0.04954042484236707,0.007930244340059872,0.47227449087310047
0.1669449081803005,0.05000182589743368,0.008139500494293659,0.4764077624442269
0.1686143572621035,0.05046225068675389,0.008350688970609576,0.4804836283148777
0.17028380634390652,0.050921710001411956,0.00856376459999804,0.48450231875641203
0.17195325542570952,0.051380214897193514,0.0087786824650833,0.48846406197223746
0.17362270450751252,0.05183777667795005,0.008995397938789102,0.4923690840677686
0.17529215358931552,0.05229440687957078,0.009213866721096487,0.49621760902196244
0.17696160267111855,0.05275011725455508,0.009434044873932077,0.5000098586603955
0.17863105175292154,0.05320491975717554,0.009655888854228682,0.5037460526298233
0.18030050083472454,0.05365882652922098,0.00987935554520303,0.5074264083741948
0.18196994991652754,0.05411184988630732,0.010104402285896485,0.5110511411120356
0.18363939899833057,0.054564002304742544,0.010330986899028652,0.5146204638151801
0.18530884808013356,0.05501529640893122,0.010559067717215199,0.5181345871887565
0.18697829716193656,0.05546574495930282,0.010788603607601643,0.5215937196523978
0.18864774624373956,0.05591536084074676,0.011019553994968808,0.524998067322586
0.1903171953255426,0.056364157051536384,0.011251878883364722,0.5283478339960903
0.19198664440734559,0.056812146692723574,0.01148553887632021,0.5316432211344151
0.19365609348914858,0.05725934295798386,0.011720495195706475,0.5348844278492109
0.19532554257095158,0.057705759123891816,0.011956709699292528,0.5380716508885652
0.1969949916527546,0.058151408540605826,0.012194144897062567,0.5412050846241223
0.1986644407345576,0.058596304622939625,0.012432763966353247,0.5442849210389711
0.2003338898163606,0.05904046084179841,0.012672530765870932,0.5473113497162247
0.2020033388981636,0.05948389071595548,0.012913409848650127,0.5502845578282434
0.20367278797996663,0.059926607804145174,0.013155366474014569,0.5532047301264348
0.20534223706176963,0.06036862569744694,0.013398366618602265,0.5560720489315907
0.20701168614357263,0.06080995801193435,0.013642376986515785,0.5588866941246811
0.20868113522537562,0.06125061838156188,0.013887365018661628,0.5616488431380706
0.21035058430717865,0.06169062045126185,0.014133298901339022,0.5643586709471099
0.21202003338898165,0.062129977870222376,0.014380147574142728,0.5670163500620404
0.21368948247078465,0.06256870428531601,0.01462788073724175,0.5696220505201899
0.21535893155258765,0.06300681333464847,0.014876468858098584,0.5721759398783923
0.21702838063439064,0.06344431864119478,0.015125883177692163,0.5746781832056231
0.21869782971619367,0.0638812338064891,0.015376095716309915,0.5771289430757868
0.22036727879799667,0.06431757240433347,0.015627079278973846,0.5795283795606461
0.22203672787979967,0.06475334797448905,0.01587880746056702,0.5818766502228533
0.22370617696160267,0.06518857401631202,0.016131254650727088,0.584173910109056
0.2253756260434057,0.06562326398229444,0.016384396038575087,0.5864203117430643
0.2270450751252087,0.06605743127146918,0.016638207617347654,0.5886160051190441
0.2287145242070117,0.06649108922263643,0.016892666189003744,0.5907611376947325
0.2303839732888147,0.06692425110736643,0.0171477493688752,0.5928558543846519
0.2320534223706177,0.0673569301227328,0.017403435590435265,0.5949002975533096
0.2337228714524207,0.06778913938372783,0.01765970411025665,0.5968946070083752
0.2353923205342237,0.06822089191530989,0.01791653501323437,0.5988389199938287
0.2370617696160267,0.0686522006440304,0.018173909218148997,0.6007333711830727
0.23873121869782973,0.06908307838918715,0.018431808483646187,0.6025780926719979
0.24040066777963273,0.06951353785344765,0.01869021541470974,0.604373213972015
0.24207011686143573,0.06994359161288537,0.018949113469706104,0.6061188620030347
0.24373956594323873,0.07037325210636944,0.019208486968078038,0.6078151610864198
0.24540901502504175,0.0708025316242472,0.01946832109876458,0.6094622329378925
0.24707846410684475,0.07123144229625755,0.019728601929424584,0.6110601966604181
0.24874791318864775,0.07165999607861213,0.019989316416539872,0.6126091687370705
0.25041736227045075,0.07208820474018046,0.020250452416469347,0.6141092630238822
0.25208681135225375,0.07251607984771465,0.020511998697527234,0.6155605907427053
0.25375626043405675,0.07294363275005006,0.020773944953149083,0.6169632604740791
0.2554257095158598,0.0733708745612189,0.021036281816207467,0.618317378150145
0.2570951585976628,0.07379781614241415,0.021299000874531994,0.6196230470476038
0.2587646076794658,0.07422446808274578,0.021562094687677086,0.6208803677807562
0.2604340567612688,0.07465084067873187,0.021825556804974992,0.6220894382946345
0.2621035058430718,0.0750769439124743,0.022089381784893804,0.6232503538582677
0.2637729549248748,0.0755027874284728,0.022353565215709217,0.6243632070581002
0.2654424040066778,0.07592838050903966,0.022618103737477267,0.6254280877915979
0.2671118530884808,0.07635373204828592,0.022882995065277655,0.6264450832610768
0.2687813021702838,0.07677885052466248,0.02314823801366694,0.6274142779678029
0.27045075125208684,0.0772037439720518,0.02341383252225823,0.6283357537063858
0.27212020033388984,0.07762841994942411,0.023679779682305575,0.6292095895595482
0.27378964941569284,0.07805288550909041,0.023946081764134677,0.6300358618932707
0.27545909849749584,0.07847714716360814,0.02421274224521938,0.6308146443524179
0.27712854757929883,0.07890121085142236,0.024479765838650434,0.6315460078568687
0.27879799666110183,0.07932508190135616,0.024747158521691147,0.6322300205982241
0.28046744574290483,0.07974876499610037,0.025014927564048873,0.6328667480371664
0.28213689482470783,0.08017226413489309,0.02528308155542361,0.6334562529015131
0.2838063439065109,0.08059558259562682,0.025551630431817733,0.633998595185068
0.2854757929883139,0.08101872289667306,0.025820585500004597,0.634493832147315
0.2871452420701169,0.08144168675877386,0.02608995945946387,0.6349420183140557
0.2888146911519199,0.08186447506741559,0.0263597664209888,0.6353432054790369
0.2904841402337229,0.08228708783617227,0.026630021921063476,0.6356974427066706
0.2921535893155259,0.08270952417158761,0.026900742930992774,0.6360047763358998
0.2938230383973289,0.08313178224025083,0.027171947859647372,0.636265249985297
0.29549248747913187,0.08355385923881624,0.027443656548557002,0.6364789045594412
0.2971619365609349,0.08397575136781771,0.02771589025795695,0.6366457782566428
0.2988313856427379,0.084397453810236,0.02798867164226052,0.6367659065780642
0.3005008347245409,0.08481896071588892,0.02826202471329834,0.6368393223382565
0.3021702838063439,0.08524026519282792,0.028535974789541365,0.6368660556771479
0.3038397328881469,0.0856613593070433,0.028810548429406366,0.6368461340734639
0.3055091819699499,0.08608223409189196,0.029085773346640916,0.6367795823595712
0.3071786310517529,0.08650287956877313,0.029361678305701664,0.6366664227376824
0.3088480801335559,0.08692328478067687,0.029638292994986524,0.6365066747973467
0.31051752921535897,0.08734343784031709,0.029915647875761012,0.6363003555341107
0.31218697829716197,0.08776332599462516,0.030193774004645593,0.6360474793691933
0.31385642737896496,0.08818293570742106,0.0304727028276124,0.6357480581699881
0.31552587646076796,0.08860225276207993,0.03075246594358792,0.6354021012711522
0.31719532554257096,0.08902126238597292,0.03103309483598303,0.6350096154960148
0.31886477462437396,0.089439949398366,0.03131462057078995,0.6345706051779634
0.32053422370617696,0.08985829838330066,0.031597073460303014,0.6340850721814666
0.32220367278797996,0.09027629388874782,0.03188048269205495,0.6335530159223102
0.32387312186978295,0.09069392065300468,0.032164875923212564,0.6329744333866285
0.325542570951586,0.09111116385888873,0.0324502788414696,0.6323493191482545
0.327212020033389,0.09152800941576084,0.03273671469439026,0.631677665383924
0.328881469115192,0.09194444426877538,0.033024203790220724,0.630959461885853
0.330550918196995,0.09236045673400238,0.03331276297437032,0.6301946960712406
0.332220367278798,0.09277603685719965,0.03360240508706594,0.6293833529882644
0.333889816360601,0.0931911767930298,0.0338931384090816,0.6285254153182263
0.335559265442404,0.09360587120043425,0.034184966103900614,0.627620863373556
0.337228714524207,0.09402011764871086,0.03447788566614506,0.6266696750915233
0.33889816360601005,0.09443391702762031,0.03477188838755114,0.6256718260236267
0.34056761268781305,0.09484727395360604,0.03506695885310789,0.624627289320782
0.34223706176961605,0.09526019716300102,0.035363074481147595,0.6235360357146389
0.34390651085141904,0.09567269988196704,0.035660205122079874,0.6223980334955126
0.34557595993322204,0.09608480016193599,0.0359583127310213,0.621213248487668
0.34724540901502504,0.09649652116856926,0.036257351129685415,0.6199816440228256
0.34891485809682804,0.0969078914117995,0.03655726587248365,0.6187031809130248
0.35058430717863104,0.09731894490444966,0.036857994230764836,0.6173778174240581
0.3522537562604341,0.09772972123730794,0.03715946530742197,0.6160055092508785
0.3539232053422371,0.09814026555944676,0.03746160029169858,0.6145862094963741
0.3555926544240401,0.09855062845405241,0.03776431286091033,0.6131198686549635
0.3572621035058431,0.09896086570211357,0.03806750973201439,0.6116064346023438
0.3589315525876461,0.09937103792899243,0.03837109136157711,0.6100458525925738
0.3606010016694491,0.0997812101321436,0.03867495278784959,0.6084380652634271
0.3622704507512521,0.10019145109196584,0.03897898460352768,0.606783012650645
0.3639398998330551,0.10060183267186423,0.0392830740425798,0.6050806322113236
0.36560934891485813,0.10101242901789534,0.0395871061595129,0.6033308588562349
0.36727879799666113,0.10142331567268215,0.039890965074904465,0.6015336249904584
0.36894824707846413,0.10183456862239126,0.04019453525722919,0.5996888605612538
0.37061769616026713,0.10224626329922726,0.04049770280821308,0.5977964931116817
0.3722871452420701,0.10265847356488687,0.04080035671739933,0.595856447838194
0.3739565943238731,0.10307127070250517,0.04110239005145943,0.5938686476501205
0.3756260434056761,0.1034847224456415,0.04140370104513517,0.5918330132289231
0.3772954924874791,0.10389889207266237,0.041704194063557985,0.5897494630850295
0.3789649415692821,0.1043138375934258,0.042003780409957524,0.5876179136102522
0.3806343906510852,0.10472961105247186,0.04230237895826847,0.5854382791239865
0.3823038397328882,0.10514625796907819,0.04259991659658777,0.5832104719118212
0.38397328881469117,0.10556381692972272,0.042896328474493726,0.580934402255552
0.38564273789649417,0.10598231934295294,0.04319155805452177,0.5786099784541299
0.38731218697829717,0.10640178936068986,0.04348555697520175,0.5762371068355419
0.38898163606010017,0.1068222439639136,0.04377828473962369,0.5738156917600865
0.39065108514190316,0.10724369320482072,0.04406970824915869,0.5713456356159634
0.39232053422370616,0.10766614059221397,0.04435980120646452,0.5688268388083957
0.3939899833055092,0.10808958360235126,0.044648543415060575,0.5662591997437878
0.3956594323873122,0.10851401429394489,0.04493592000447614,0.5636426148105509
0.3973288814691152,0.10893942000359377,0.04522192061027593,0.5609769783582959
0.3989983305509182,0.10936578409670508,0.04550653853723956,0.5582621826770253
0.4006677796327212,0.10979308674888934,0.045789769931792505,0.555498117977852
0.4023372287145242,0.110221305733804,0.04607161298668926,0.5526846723765659
0.4040066777963272,0.11065041719532509,0.0463520671971847,0.5498217318811562
0.4056761268781302,0.11108039638455576,0.046631132683777894,0.5469091803841077
0.40734557595993326,0.11151121834532599,0.04690880959232986,0.5439468996600534
0.40901502504173626,0.1119428585352868,0.04718509757818172,0.5409347693690896
0.41068447412353926,0.11237529337324718,0.04745999537702015,0.537872667065824
0.41235392320534225,0.11280850070686621,0.04773350046180945,0.5347604682140237
0.41402337228714525,0.1132424601980437,0.04800560878222607,0.5315980462065477
0.41569282136894825,0.11367715362623748,0.04827631458075322,0.5283852723901201
0.41736227045075125,0.1141125651123958,0.048545610277916096,0.5251220160944108
0.41903171953255425,0.11454868126818747,0.04881348641805076,0.5218081446647969
0.4207011686143573,0.11498549127673231,0.04907993166644189,0.5184435234981815
0.4223706176961603,0.1154229869120908,0.04934493284856138,0.5150280160812395
0.4240400667779633,0.115861162505406,0.04960847502242036,0.5115614840304428
0.4257095158597663,0.11630001486584883,0.049870541575615684,0.5080437871333345
0.4273789649415693,0.11673954316445938,0.050131114339434506,0.5044747833904744
0.4290484140233723,0.11717974878866363,0.050390173713292734,0.5008543290576211
0.4307178631051753,0.11762063517473705,0.05064769879376969,0.497182278687768
0.4323873121869783,0.11806220762484043,0.05090366750349232,0.49345848517264845
0.4340567612687813,0.11850447311452386,0.05115805671609333,0.4896827997835165
0.43572621035058434,0.1189474400958182,0.05141084237436132,0.48585507221096114
0.43739565943238734,0.11939111830025483,0.05166199959952383,0.48197515060363005
0.43906510851419034,0.11983551854539715,0.051911502790314756,0.47804288160580266
0.44073455759599334,0.1202806525477506,0.05215932571109288,0.474058110393754
0.44240400667779634,0.12072653274426559,0.05240544156878104,0.47002068071094705
0.44407345575959933,0.1211731721240561,0.05264982307880646,0.4659304349020983
0.44574290484140233,0.12162058407144274,0.05289244252052916,0.4617872139461954
0.44741235392320533,0.12206878222098505,0.05313327178288282,0.4575908574885701
0.4490818030050084,0.12251778032479536,0.053372282401102825,0.45334120387217913
0.4507512520868114,0.12296759213212025,0.053609445585517466,0.4490380901682014
0.4524207011686144,0.12341823128093325,0.053844732243419076,0.4446813522061328
0.4540901502504174,0.12386971120109128,0.05407811299503899,0.4402708246035094
0.4557595993322204,0.12432204502846686,0.05430955818461867,0.43580634079545444
0.4574290484140234,0.1247752455293711,0.054539037887520986,0.4312877330641818
0.4590984974958264,0.12522932503451506,0.05476652191425611,0.42671483256862075
0.4607679465776294,0.12568429538172743,0.05499197981221451,0.4220874693743386
0.4624373956594324,0.12614016786663151,0.0552153808658189,0.4174054724838703
0.4641068447412354,0.12659695320049635,0.05543669409571427,0.4126686698676385
0.4657762938230384,0.12705466147449768,0.05565588825753153,0.4078768884955557
0.4674457429048414,0.12751330212966003,0.05587293184067535,0.40302995436947286
0.4691151919866444,0.12797288393179096,0.05608779306750561,0.3981276925565498
0.4707846410684474,0.12843341495076713,0.05630043989321114,0.39316992722367927
0.4724540901502504,0.1288949025435804,0.05651084000660702,0.3881564816730414
0.4741235392320534,0.1293573533406028,0.05671896083202297,0.38308717837888806
0.47579298831385647,0.12982077323458166,0.056924769532401456,0.37796183902561764
0.47746243739565947,0.13028516737192242,0.05712823301367426,0.37278028454721235
0.47913188647746247,0.13075054014586862,0.05732931793044747,0.367542335168094
0.48080133555926546,0.13121689519122906,0.057527990692990465,0.3622478104454445
0.48247078464106846,0.13168423538034799,0.05772421747549352,0.35689652931303173
0.48414023372287146,0.13215256282004992,0.0579179642255399,0.3514883101265651
0.48580968280467446,0.13262187884932994,0.05810919667471531,0.3460229707106248
0.48747913188647746,0.13309218403758996,0.05829788035026273,0.3405003284071533
0.48914858096828046,0.13356347818325223,0.05848398058768481,0.33492020012554136
0.4908180300500835,0.134035760312608,0.058667462544180995,0.3292824023943113
0.4924874791318865,0.13450902867878264,0.05884829121280741,0.3235867514143893
0.4941569282136895,0.13498328076071858,0.05902643143724131,0.3178330631139721
0.4958263772954925,0.13545851326209693,0.05920184792703441,0.3120211532049748
0.4974958263772955,0.13593472211013438,0.059374505273238266,0.30615083724103176
0.4991652754590985,0.13641190245420545,0.05954436796428809,0.3002219306770886
0.5008347245409015,0.1368900486642526,0.05971140040203803,0.29423424893048566
0.5025041736227045,0.13736915432895733,0.05987556691783986,0.2881876074435863
0.5041736227045075,0.13784921225365343,0.06003683178857265,0.282081821747876
0.5058430717863105,0.13833021445797186,0.06019515925252469,0.275916707529547
0.5075125208681135,0.1388121521732123,0.06035051352504832,0.26969208069650663
0.5091819699499165,0.1392950158394417,0.06050285881390677,0.26340775744681366
0.5108514190317195,0.13977879510232466,0.06065215933424335,0.2570635543384896
0.5125208681135225,0.14026347880969373,0.06079837932311156,0.25065928836069507
0.5141903171953255,0.14074905500787027,0.06094148305350905,0.24419477700623848
0.5158597662771285,0.141235510937749,0.06108143484787046,0.23766983834537903
0.5175292153589316,0.14172283303066047,0.06121819909097746,0.23108429110091766
0.5191986644407346,0.14221100690402771,0.06135174024225554,0.2244379547245321
0.5208681135225376,0.14270001735683321,0.06148202284743225,0.2177306494743214
0.5225375626043406,0.14318984836491347,0.06160901154953828,0.2109621964935684
0.5242070116861436,0.14368048307609857,0.06173267109924193,0.20413241789066294
0.5258764607679466,0.14417190380521402,0.06185296636451452,0.19724113682017586
0.5275459098497496,0.14466409202896324,0.06196986233962348,0.19028817756506422
0.5292153589315526,0.14515702838070685,0.0620833241534696,0.18327336561998053
0.5308848080133556,0.14565069264515634,0.062193317077277176,0.17619652777566608
0.5325542570951586,0.14614506375299965,0.06229980653165746,0.1690574922044279
0.5342237061769616,0.14664011977547356,0.06240275809307444,0.161856088546648
0.5358931552587646,0.14713583791890064,0.06250213749973765,0.15459214799835386
0.5375626043405676,0.14763219451920562,0.0625979106569614,0.14726550339979294
0.5392320534223706,0.14812916503642717,0.06269004364202431,0.1398759893250343
0.5409015025041736,0.14862672404924,0.06277850270857654,0.1324234421725652
0.5425709515859766,0.1491248452495023,0.06286325429063651,0.12490770025688436
0.5442404006677796,0.14962350143684408,0.06294426500622895,0.11732860390107214
0.5459098497495827,0.15012266451330977,0.06302150166071493,0.10968599553034775
0.5475792988313857,0.1506223054780709,0.06309493124986809,0.10197971976659548
0.5492487479131887,0.15112239442222283,0.06316452096275436,0.09420962352385231
0.5509181969949917,0.15162290052368022,0.06323023818447213,0.08637555610476966
0.5525876460767947,0.15212379204218618,0.06329205049881367,0.07847736929802407
0.5542570951585977,0.15262503631444935,0.06334992569090712,0.0705149174767028
0.5559265442404007,0.15312659974942497,0.06340383174990093,0.06248805769763344
0.5575959933222037,0.15362844782375412,0.06345373687175256,0.054396649801678354
0.5592654424040067,0.154130545077378,0.06349960946218279,0.046240556514983044
0.5609348914858097,0.1546328551093419,0.06354141813985746,0.03801964355118903
0.5626043405676127,0.1551353405738065,0.06357913173985723,0.029733779714592234
0.5642737896494157,0.15563796317628276,0.06361271931749554,0.02138283700427035
0.5659432387312187,0.15614068367010747,0.0636421501525447,0.01296669071915968
0.5676126878130217,0.15664346185317804,0.06366739375392538,0.0044852195640952
0.5692821368948247,0.1571462565649641,0.06368841986491723,-0.0040616942431963565
0.5709515859766277,0.15764902568381553,0.06370519846894508,-0.012674164864145077
0.5726210350584306,0.15815172612458578,0.06371769979598862,-0.021352302730435202
0.5742904841402338,0.1586543138365904,0.06372589432967052,-0.030096214434156998
0.5759599332220368,0.15915674380192235,0.06372975281506472,-0.03890600261699628
0.5776293823038398,0.15965897003414387,0.06372924626727,-0.04778176585851002
0.5792988313856428,0.16016094557737748,0.06372434598079192,-0.05672359856343823
0.5809682804674458,0.16066262250581737,0.06371502353976628,-0.06573159084810776
0.5826377295492488,0.1611639519236848,0.06370125082906158,-0.07480582842592032
0.5843071786310517,0.16166488396564963,0.0636830000462901,-0.0839463924919257
0.5859766277128547,0.16216536779774188,0.06366024371475267,-0.09315335960651394
0.5876460767946577,0.16266535161877682,0.06363295469734194,-0.10242680157822726
0.5893155258764607,0.16316478266231765,0.06360110621142315,-0.11176678534571538
0.5909849749582637,0.16366360719920028,0.06356467184470617,-0.12117337285885244
0.5926544240400667,0.1641617705406441,0.06352362557211928,-0.13064662095905488
0.5943238731218697,0.16465921704197367,0.06347794177369395,-0.14018658125877392
0.5959933222036727,0.16515589010697562,0.06342759525346081,-0.14979330002027647
0.5976627712854757,0.16565173219291487,0.06337256125935556,-0.15946681803365714
0.5993322203672787,0.16614668481623496,0.06331281550412901,-0.169207170494166
0.6010016694490818,0.16664068855896585,0.06324833418725131,-0.1790143868788947
0.6026711185308848,0.1671336830758628,0.0631790940177956,-0.18888849082280812
0.6043405676126878,0.16762560710229965,0.06310507223828184,-0.19882949999423638
0.6060100166944908,0.16811639846293905,0.06302624664945926,-0.20883742596981048
0.6076794657762938,0.16860599408120078,0.0629425956359998,-0.2189122741089331
0.6093489148580968,0.16909432998954985,0.06285409819307115,-0.2290540434278101
0.6110183639398998,0.16958134134062397,0.06276073395375613,-0.23926272647311997
0.6126878130217028,0.17006696241922012,0.06266248321727792,-0.2495383091953689
0.6143572621035058,0.17055112665515704,0.06255932697798981,-0.2598807708219937
0.6160267111853088,0.17103376663703104,0.06245124695508464,-0.27029008373028574
0.6176961602671118,0.1715148141268812,0.06233822562297249,-0.2807662133202047
0.6193656093489148,0.17199420007577532,0.062220246242275,-0.2913091178871461
0.6210350584307178,0.1724718546403315,0.06209729289138183,-0.3019187484947583
0.6227045075125208,0.17294770720018515,0.061969350498508796,-0.3125950488478664
0.6243739565943238,0.1734216863764087,0.0618364048741982,-0.32333795516560304
0.6260434056761268,0.17389372005089337,0.06169844274419551,-0.3341473960548338
0.6277128547579298,0.17436373538669567,0.06155545178263851,-0.3450232923839507
0.6293823038397329,0.17483165884935348,0.06140742064548827,-0.3559655571571436
0.6310517529215359,0.1752974162291708,0.061254339004134496,-0.3669740953892435
0.6327212020033389,0.17576093266447043,0.06109619757909994,-0.378048803981232
0.6343906510851419,0.1762221326658111,0.060932988173773815,-0.38918957159651946
0.6360601001669449,0.17668094014116242,0.06076470370809741,-0.400396278538103
0.6377295492487479,0.17713727842202917,0.060591338252127785,-0.41166879662670675
0.6393989983305509,0.1775910702905148,0.0604128870594017,-0.4230069890800263
0.6410684474123539,0.1780422380073095,0.060229346600024845,-0.43441071039316514
0.6427378964941569,0.17849070334058853,0.06004071459340758,-0.44587980622041146
0.6444073455759599,0.17893638759580124,0.05984699004057114,-0.45741411325845216
0.6460767946577629,0.17937921164633044,0.059648173255947706,-0.4690134591311428
0.6477462437395659,0.17981909596499931,0.0594442658985964,-0.4806776622759734
0.6494156928213689,0.18025596065639934,0.05923527100276149,-0.49240653183232697
0.6510851419031719,0.18068972549001208,0.05902119300769769,-0.5041998675316861
0.6527545909849749,0.18112030993409306,0.05880203778668772,-0.5160574595898841
0.6544240400667779,0.18154763319028677,0.05857781267518206,-0.5279790886015503
0.656093489148581,0.1819716142289352,0.058348526497989835,-0.5399645254368708
0.657762938230384,0.18239217182504597,0.058114189595452094,-0.5520135311407819
0.659432387312187,0.18280922459487778,0.0578748138485318,-0.5641258568347549
0.66110183639399,0.1832226910331038,0.05763041270275625,-0.5763012436212667
0.662771285475793,0.18363248955050882,0.057381001190951623,-0.5885394224911114
0.664440734557596,0.1840385385121767,0.057126595954710035,-0.6008401142336797
0.666110183639399,0.18444075627612,0.05686721526453319,-0.6132030293503252
0.667779632721202,0.18483906123230562,0.056602879038603025,-0.6256278679709484
0.669449081803005,0.1852333718420254,0.05633360886012715,-0.6381143197739456
0.671118530884808,0.18562360667756359,0.0560594279932149,-0.6506620639096228
0.672787979966611,0.18600968446210767,0.05578036139724342,-0.663270768927219
0.674457429048414,0.18639152410985216,0.05549643573967398,-0.6759400927056558
0.676126878130217,0.18676904476624107,0.055207679407285506,-0.6886696823881338
0.67779632721202,0.18714216584829757,0.0549141225157969,-0.7014591743207159
0.679465776293823,0.18751080708498602,0.054615796917849256,-0.7143081939949825
0.681135225375626,0.1878748885575527,0.05431273620933093,-0.7272163559949056
0.682804674457429,0.1882343307397935,0.05400497573402531,-0.7401832639480366
0.6844741235392321,0.1885890545381935,0.053692552586572156,-0.7532085104811352
0.6861435726210351,0.18893898133188677,0.05337550561373214,-0.7662916771803254
0.6878130217028381,0.18928403301238467,0.053053875413954114,-0.779432334555908
0.6894824707846411,0.18962413202302128,0.05272770433524598,-0.7926300420119141
0.6911519198664441,0.18995920139806607,0.05239703647135627,-0.8058843478204951
0.6928213689482471,0.19028916480145489,0.05206191765627707,-0.8191947891012674
0.6944908180300501,0.19061394656509334,0.051722395457085596,-0.8325608918056684
0.6961602671118531,0.19093347172668462,0.0513785191651461,-0.8459821707064366
0.6978297161936561,0.19124766606704058,0.05103033978569468,-0.8594581293922885
0.6994991652754591,0.19155645614683228,0.050677910025842536,-0.872988260267864
0.7011686143572621,0.19185976934274157,0.050321284281027875,-0.8865720445590288
0.7028380634390651,0.19215753388297474,0.04996051861996012,-0.9002089523235826
0.7045075125208681,0.19244967888210507,0.04959567076809838,-0.9138984424674583
0.7061769616026711,0.19273613437520962,0.049226800089714,-0.9276399627664582
0.7078464106844741,0.19301683135127182,0.04885396756858994,-0.9414329498935834
0.7095158597662771,0.1932917017858216,0.048477235787413225,-0.9552768294520178
0.7111853088480802,0.19356067867278945,0.04809666890592389,-0.9691710160137896
0.7128547579298832,0.1938236960555511,0.047712332637882465,-0.9831149131641781
0.7145242070116862,0.1940806890571466,0.04732429422692658,-0.9971079135518817
0.7161936560934892,0.19433159390965557,0.04693262242138802,-1.0111493989449836
0.7178631051752922,0.19457634798271756,0.04653738744814608,-1.0252387402927403
0.7195325542570952,0.19481488981118691,0.046138660985593785,-1.0393752977932254
0.7212020033388982,0.19504715912191634,0.04573651613580025,-1.0535584209668114
0.7228714524207012,0.19527309685966376,0.04533102739595072,-1.0677874487355528
0.7245409015025042,0.19549264521212417,0.04492227062915132,-1.082061709508426
0.7262103505843072,0.19570574763408646,0.044510323034684336,-1.0963805212724602
0.7278797996661102,0.19591234887072226,0.044095263117805455,-1.1107431916897463
0.7295492487479132,0.19611239498001265,0.04367717065917073,-1.125149018200313
0.7312186978297162,0.1963058333543257,0.043256126683986755,-1.1395972881308642
0.7328881469115192,0.19649261274115676,0.042832213430974465,-1.1540872788093641
0.7345575959933222,0.19667268326304746,0.04240551432123882,-1.1686182576854343
0.7362270450751252,0.19684599643670228,0.04197611392713682,-1.1831894824565659
0.7378964941569282,0.19701250519132257,0.041544097941234065,-1.1978002012000801
0.7395659432387313,0.1971721638861823,0.04110955314544154,-1.2124496525108417
0.7412353923205343,0.1973249283274673,0.04067256738041943,-1.2271370656446634
0.7429048414023373,0.19747075578440842,0.04023322951533713,-1.2418616606673722
0.7445742904841403,0.19760960500473296,0.03979162941807244,-1.2566226486094876
0.7462437395659433,0.19774143622946777,0.03934785792593373,-1.2714192316264599
0.7479131886477463,0.19786621120712178,0.0389020068169822,-1.2862506031644263
0.7495826377295493,0.19798389320728257,0.03845416878203107,-1.3011159481314212
0.7512520868113522,0.19809444703365825,0.03800443739739272,-1.3160144430739755
0.7529215358931552,0.19819783903659996,0.0375529070984399,-1.3309452563590558
0.7545909849749582,0.19829403712513805,0.03709967315404427,-1.3459075483612581
0.7562604340567612,0.1983830107785673,0.03664483164194758,-1.3609004716552004
0.7579298831385642,0.19846473105761522,0.036188479425117166,-1.375923171213029
0.7595993322203672,0.1985391706152288,0.035730714129129724,-1.3909747846069596
0.7612687813021702,0.19860630370701324,0.03527163412062175,-1.4060544422167751
0.7629382303839732,0.1986661062013567,0.03481133848683641,-1.4211612674421947
0.7646076794657762,0.19871855558927418,0.03434992701629097,-1.4362943769200105
0.7662771285475793,0.1987636309940023,0.03388750018057915,-1.451452880745916
0.7679465776293823,0.1988013131803759,0.03342415911731641,-1.466635882700901
0.7696160267111853,0.19883158456401645,0.032960005614224394,-1.4818424804821484
0.7712854757929883,0.1988544292203596,0.03249514209434623,-1.4970717659382773
0.7729549248747913,0.19886983289354865,0.032029671602370566,-1.5123228253088556
0.7746243739565943,0.19887778300521855,0.03156369779203471,-1.5275947394680531
0.7762938230383973,0.19887826866319255,0.031097324914568136,-1.5428865841723054
0.7779632721202003,0.19887128067011103,0.030630657808125343,-1.5581974303118722
0.7796327212020033,0.19885681153201162,0.030163801888147664,-1.5735263441661547
0.7813021702838063,0.19883485546687502,0.029696863138583947,-1.588872387662626
0.7829716193656093,0.19880540841314878,0.029229948103887463,-1.6042346186392409
0.7846410684474123,0.19876846803825987,0.02876316388169728,-1.6196120911101717
0.7863105175292153,0.19872403374712194,0.028296618116100503,-1.6350038555347146
0.7879799666110183,0.19867210669064206,0.027830418991360788,-1.6504089590892081
0.7896494156928213,0.1986126897742271,0.027364675225989503,-1.665826445941792
0.7913188647746243,0.19854578766628767,0.026899496067021873,-1.681255357529843
0.7929883138564273,0.19847140680673458,0.026434991284353424,-1.696694732839892
0.7946577629382304,0.19838955541545802,0.02597127116497959,-1.7121436086898583
0.7963272120200334,0.1983002435007782,0.02550844650697102,-1.7276010200133922
0.7979966611018364,0.19820348286785133,0.02504662861300868,-1.743066000146135
0.7996661101836394,0.19809928712701275,0.024585929283292684,-1.7585375811136985
0.8013355592654424,0.19798767170203482,0.02412646080762965,-1.7740147939211386
0.8030050083472454,0.19786865383827346,0.023668335956494414,-1.7894966688437213
0.8046744574290484,0.1977422526106754,0.023211667970856897,-1.8049822357187597
0.8063439065108514,0.197608488931614,0.022756570550552257,-1.820470524238282
0.8080133555926544,0.19746738555851762,0.02230315784097232,-1.8359605642423076
0.8096828046744574,0.1973189671012531,0.021851544417845266,-1.8514513860125041
0.8113522537562604,0.19716326002922246,0.021401845269869015,-1.8669420205659515
0.8130217028380634,0.1970002926781283,0.0209541757789574,-1.88243149994881
0.8146911519198664,0.19683009525636144,0.020508651697857906,-1.8979188575296018
0.8163606010016694,0.19665269985096018,0.02006538912489508,-1.9134031282918809
0.8180300500834724,0.196468140433089,0.01962450447559444,-1.928883349126024
0.8196994991652754,0.19627645286298218,0.019186114450942194,-1.9443585591198809
0.8213689482470785,0.19607767489429495,0.01875033600203778,-1.9598277998480331
0.8230383973288815,0.1958718461778027,0.018317286290897523,-1.9752901156593934
0.8247078464106845,0.1956590082643884,0.017887082647175135,-1.9907445539628899
0.8263772954924875,0.19543920460725395,0.017459842520567332,-2.00619016551097
0.8280467445742905,0.19521248056329274,0.017035683428683095,-2.0216260046806696
0.8297161936560935,0.19497888339355676,0.016614722900161423,-2.037051129751985
0.8313856427378965,0.19473846226275324,0.016197078412834385,-2.0524646031832954
0.8330550918196995,0.19449126823770188,0.0157828673267439,-2.067865491883593
0.8347245409015025,0.19423735428468647,0.01537220681183353,-2.0832528674812645
0.8363939899833055,0.19397677526563195,0.014965213770153217,-2.098625806589183
0.8380634390651085,0.19370958793303875,0.014562004752430555,-2.1139833910658936
0.8397328881469115,0.1934358509236075,0.014162695868881407,-2.1293247082726365
0.8414023372287145,0.1931556247504854,0.013767402694152747,-2.1446488513260213
0.8430717863105175,0.1928689717940691,0.013376240166312578,-2.1599549193461214
0.8447412353923205,0.19257595629129726,0.012989322479825814,-2.1752420176997855
0.8464106844741235,0.1922766443233696,0.012606762972478218,-2.1905092582389973
0.8480801335559265,0.19197110380182977,0.01222867400623995,-2.2057557595340844
0.8497495826377296,0.19165940445295063,0.011855166842086665,-2.220980647101614
0.8514190317195326,0.19134161780036454,0.01148635150882533,-2.236183053626825
0.8530884808013356,0.1910178171458823,0.011122336666004297,-2.251362119180458
0.8547579298831386,0.1906880775484472,0.010763229461018316,-2.2665169914298398
0.8564273789649416,0.19035247580117465,0.010409135380552723,-2.281646825844121
0.8580968280467446,0.1900110904064302,0.01006015809654537,-2.2967507858935585
0.8597662771285476,0.18966400154890306,0.009716399306880119,-2.3118280432427696
0.8614357262103506,0.1893112910666353,0.009377958571061664,-2.326877777937862
0.8631051752921536,0.18895304241997174,0.009044933141158137,-2.3418991785874104
0.8647746243739566,0.1885893406584003,0.00871741778833479,-2.356891442537214
0.8664440734557596,0.18822027238525546,0.008395504625339053,-2.371853776038826
0.8681135225375626,0.18784592572026473,0.008079282925335596,-2.3867853944118234
0.8697829716193656,0.1874663902599209,0.007768838937525336,-2.4016855221998332
0.8714524207011686,0.18708175703566984,0.0074642557000212766,-2.416553393320321
0.8731218697829716,0.18669211846990844,0.007165612850488253,-2.4313882512081686
0.8747913188647746,0.1862975683297927,0.00687298643509033,-2.446189348953081
0.8764607679465777,0.18589820167886256,0.00658644871632349,-2.460955949430879
0.8781302170283807,0.18549411482649594,0.006306067980343865,-2.475687325428729
0.8797996661101837,0.1850854052752096,0.006031908344433747,-2.490382759764395
0.8814691151919867,0.18467217166583344,0.00576402956527685,-2.505041545399586
0.8831385642737897,0.1842545137205875,0.005502486848741857,-2.519662985547487
0.8848080133555927,0.18383253218410153,0.005247330661898573,-2.5342463937745787
0.8864774624373957,0.18340632876241972,0.00499860654801347,-2.5487910940968446
0.8881469115191987,0.18297600606004383,0.004756354945291456,-2.563296421070464
0.8898163606010017,0.18254166751507048,0.004520611010146623,-2.5777617198771297
0.8914858096828047,0.18210341733248864,0.004291404445799248,-2.5921863464040635
0.8931552587646077,0.18166136041570802,0.004068759337004941,-2.6065696673188863
0.8948247078464107,0.1812156022963964,0.0038526939917287173,-2.6209110601394268
0.8964941569282137,0.18076624906271,0.0036432207905786,-2.6352099132986
0.8981636060100167,0.1803134072860079,0.003440346044810902,-2.6494656262044605
0.8998330550918197,0.1798571839461484,0.003244069863713833,-2.6636776092955374
0.9015025041736227,0.17939768635546963,0.003054386032164634,-2.677845284091557
0.9031719532554257,0.17893502208156467,0.00287128189914026,-2.6919680832396526
0.9048414023372288,0.17846929886896598,0.0026947382779419285,-2.7060454505561387
0.9065108514190318,0.1780006245598603,0.002524729358869074,-2.7200768410639498
0.9081803005008348,0.1775291070139591,0.002361222635048718,-2.7340617210258054
0.9098497495826378,0.17705485402765744,0.002204178842092649,-2.7479995679731686
0.9115191986644408,0.17657797325261432,0.002053551912215769,-2.7618898707310526
0.9131886477462438,0.17609857211389743,0.0019092889434057542,-2.775732129438717
0.9148580968280468,0.17561675772783333,0.0017713301841866405,-2.789525855566292
0.9165275459098498,0.17513263681971286,0.0016396090344664178,-2.8032705719273388
0.9181969949916527,0.17464631564150054,0.0015140520629031808,-2.816965812687371
0.9198664440734557,0.17415789988970223,0.0013945790411636044,-2.830611123368325
0.9215358931552587,0.17366749462354522,0.0012811029953841277,-2.8442060608489617
0.9232053422370617,0.17317520418362864,0.0011735302750782997,-2.8577501933611895
0.9248747913188647,0.1726811321112011,0.001071760639663004,-2.871243100482252
0.9265442404006677,0.1721853810682251,0.0009756873627042711,-2.884684373122753
0.9282136894824707,0.17168805275838578,0.0008851973539077515,-2.898073613510449
0.9298831385642737,0.17118924784920275,0.0008001712988024373,-2.911410435169744
0.9315525876460768,0.17068906589540114,0.0007204838159878284,-2.924694462896823
0.9332220367278798,0.17018760526369792,0.0006460036317355026,-2.937925332730326
0.9348914858096828,0.16968496305915498,0.000576593771656746,-2.951102691917491
0.9365609348914858,0.16918123505325033,0.0005121117690681029,-2.9642261988756626
0.9382303839732888,0.16867651561381322,0.00045240988960799016,-2.977295523149064
0.9398998330550918,0.16817089763696513,0.00039733537157962716,-2.9903103453607542
0.9415692821368948,0.16766447248120575,0.00034673068141953696,-3.003270357159642
0.9432387312186978,0.16715732990377524,0.00030043378361671396,-3.0161752611624735
0.9449081803005008,0.16664955799942102,0.0002582784243364175,-3.0290247708906914
0.9465776293823038,0.16614124314168885,0.00022009442793429176,-3.041818610702062
0.9482470784641068,0.1656324699268529,0.0001857080054821235,-3.0545565157169854
0.9499165275459098,0.16512332112059172,0.00015494207436616853,-3.0672382317394007
0.9515859766277128,0.16461387760750926,0.00012761658796311653,-3.079863515172205
0.9532554257095158,0.16410421834359212,0.00010354887434800668,-3.0924321329271196
0.9549248747913188,0.163594420311687,8.255398294271367e-05,-3.104943862328941
0.9565943238731218,0.16308455848007122,6.444503797392137e-05,-3.117398491014129
0.9582637729549248,0.16257470576418329,4.903359757532689e-05,-3.1297958168236946
0.9599332220367279,0.16206493299156796,3.613001734118126e-05,-3.1421356476903672
0.9616026711185309,0.16155530887008446,2.5543817116754985e-05,-3.154417801520032
0.9632721202003339,0.16104589995941354,1.7084049796429757e-05,-3.1666421060674423
0.9649415692821369,0.16053677064589142,1.0559670891789905e-05,-3.1788083988062383
0.9666110183639399,0.16002798312068933,5.779907630416277e-06,-3.190916526793304
0.9682804674457429,0.15951959736134508,2.5546263510254835e-06,-3.202966346527525
0.9699499165275459,0.15901167111664666,6.946969721556915e-07,-3.2149577238030274
0.9716193656093489,0.1585042598948562,1.235332956177312e-08,-3.2268905335569813
0.9732888146911519,0.15799741695525324,3.2154820177301667e-07,-3.238764659712096
0.9749582637729549,0.15749119330296782,1.4383018736411688e-06,-3.250579995013925
0.9766277128547579,0.15698563768706486,3.18104312389424e-06,-3.2623364408631366
0.9782971619365609,0.15648079660183098,5.3709415644492046e-06,-3.2740339071429156
0.9799666110183639,0.15597671429120843,7.832230306165066e-06,-3.2856723120416835
0.9816360601001669,0.1554734327563113,1.0392517977462583e-05,-3.297251581871331
0.9833055091819699,0.15497099176595178,1.2883089178421043e-05,-3.30877165088119
0.9849749582637729,0.15446942887009724,1.5139192513118989e-05,-3.320232461067969
0.986644407345576,0.15396877941617082,1.7000315406682895e-05,-3.331633961981909
0.988313856427379,0.15346907656810382,1.8310444980295293e-05,-3.34297611052941
0.989983305509182,0.1529703513280392,1.8918314326734933e-05,-3.354258870772414
0.991652754590985,0.15247263256058355,1.8677633600481496e-05,-3.3654822137248224
0.993322203672788,0.15197594701949674,1.7447305409430734e-05,-3.3766461171462434
0.994991652754591,0.1514803193767059,1.5091624069397211e-05,-3.387750565333373
0.996661101836394,0.1509857722535263,1.1480458357285956e-05,-3.3987955489093333
0.998330550918197,0.1504923262539672,6.489417473671731e-06,-3.4097810646112636
1.0,0.15,0.0,-3.4207071150765134
